Locale Name,LCID,ANSI CodePage,ANSI Character Set,OEM CodePage,OEM Character Set,Native Language Name,English Language Name,Country,Script
,0x007F,1252,1252  (ANSI - Latin I),437,437   (OEM - United States),Invariant Language,Invariant Language,Invariant Country,Latn;
af,0x0436,1252,1252  (ANSI - Latin I),850,850   (OEM - Multilingual Latin I),Afrikaans,Afrikaans,South Africa,Latn;
af-ZA,0x0436,1252,1252  (ANSI - Latin I),850,850   (OEM - Multilingual Latin I),Afrikaans,Afrikaans,South Africa,Latn;
ar,0x0401,1256,1256  (ANSI - Arabic),720,720   (Arabic - Transparent ASMO),ar-AE,0x3801,1256,1256  (ANSI - Arabic),720,720   (Arabic - Transparent ASMO),ar-BH,0x3C01,1256,1256  (ANSI - Arabic),720,720   (Arabic - Transparent ASMO),ar-DZ,0x1401,1256,1256  (ANSI - Arabic),720,720   (Arabic - Transparent ASMO),ar-EG,0x0C01,1256,1256  (ANSI - Arabic),720,720   (Arabic - Transparent ASMO),ar-IQ,0x0801,1256,1256  (ANSI - Arabic),720,720   (Arabic - Transparent ASMO),ar-JO,0x2C01,1256,1256  (ANSI - Arabic),720,720   (Arabic - Transparent ASMO),ar-KW,0x3401,1256,1256  (ANSI - Arabic),720,720   (Arabic - Transparent ASMO),ar-LB,0x3001,1256,1256  (ANSI - Arabic),720,720   (Arabic - Transparent ASMO),ar-LY,0x1001,1256,1256  (ANSI - Arabic),720,720   (Arabic - Transparent ASMO),ar-MA,0x1801,1256,1256  (ANSI - Arabic),720,720   (Arabic - Transparent ASMO),ar-OM,0x2001,1256,1256  (ANSI - Arabic),720,720   (Arabic - Transparent ASMO),ar-QA,0x4001,1256,1256  (ANSI - Arabic),720,720   (Arabic - Transparent ASMO),ar-SA,0x0401,1256,1256  (ANSI - Arabic),720,720   (Arabic - Transparent ASMO),ar-SY,0x2801,1256,1256  (ANSI - Arabic),720,720   (Arabic - Transparent ASMO),ar-TN,0x1C01,1256,1256  (ANSI - Arabic),720,720   (Arabic - Transparent ASMO),ar-YE,0x2401,1256,1256  (ANSI - Arabic),720,720   (Arabic - Transparent ASMO),arn,0x047A,1252,1252  (ANSI - Latin I),850,850   (OEM - Multilingual Latin I),Mapudungun,Mapuche,Chile,Latn;
arn-CL,0x047A,1252,1252  (ANSI - Latin I),850,850   (OEM - Multilingual Latin I),Mapudungun,Mapuche,Chile,Latn;
az,0x042C,1254,1254  (ANSI - Turkish),857,857   (OEM - Turkish),azaz-Cyrl,0x082C,1251,1251  (ANSI - Cyrillic),866,866   (OEM - Russian),az-Cyrl-AZ,0x082C,1251,1251  (ANSI - Cyrillic),866,866   (OEM - Russian),az-Latn,0x042C,1254,1254  (ANSI - Turkish),857,857   (OEM - Turkish),azaz-Latn-AZ,0x042C,1254,1254  (ANSI - Turkish),857,857   (OEM - Turkish),azba,0x046D,1251,1251  (ANSI - Cyrillic),866,866   (OEM - Russian),ba-RU,0x046D,1251,1251  (ANSI - Cyrillic),866,866   (OEM - Russian),be,0x0423,1251,1251  (ANSI - Cyrillic),866,866   (OEM - Russian),be-BY,0x0423,1251,1251  (ANSI - Cyrillic),866,866   (OEM - Russian),bg,0x0402,1251,1251  (ANSI - Cyrillic),866,866   (OEM - Russian),bg-BG,0x0402,1251,1251  (ANSI - Cyrillic),866,866   (OEM - Russian),bin,0x0466,1252,1252  (ANSI - Latin I),850,850   (OEM - Multilingual Latin I),bin-NG,0x0466,1252,1252  (ANSI - Latin I),850,850   (OEM - Multilingual Latin I),br,0x047E,1252,1252  (ANSI - Latin I),850,850   (OEM - Multilingual Latin I),brezhoneg,Breton,France,Latn;
br-FR,0x047E,1252,1252  (ANSI - Latin I),850,850   (OEM - Multilingual Latin I),brezhoneg,Breton,France,Latn;
bs,0x141A,1250,1250  (ANSI - Central Europe),852,852   (OEM - Latin II),bosanski,Bosnian (Latin),Bosnia & Herzegovina,Latn;
bs-Cyrl,0x201A,1251,1251  (ANSI - Cyrillic),855,855   (OEM - Cyrillic),bs-Cyrl-BA,0x201A,1251,1251  (ANSI - Cyrillic),855,855   (OEM - Cyrillic),bs-Latn,0x141A,1250,1250  (ANSI - Central Europe),852,852   (OEM - Latin II),bosanski,Bosnian (Latin),Bosnia & Herzegovina,Latn;
bs-Latn-BA,0x141A,1250,1250  (ANSI - Central Europe),852,852   (OEM - Latin II),bosanski,Bosnian (Latin),Bosnia & Herzegovina,Latn;
ca,0x0403,1252,1252  (ANSI - Latin I),850,850   (OEM - Multilingual Latin I),català,Catalan,Spain,Latn;
ca-ES,0x0403,1252,1252  (ANSI - Latin I),850,850   (OEM - Multilingual Latin I),català,Catalan,Spain,Latn;
ca-ES-valencia,0x0803,1252,1252  (ANSI - Latin I),850,850   (OEM - Multilingual Latin I),valencià,Valencian,Spain,Latn;
co,0x0483,1252,1252  (ANSI - Latin I),850,850   (OEM - Multilingual Latin I),Corsu,Corsican,France,Latn;
co-FR,0x0483,1252,1252  (ANSI - Latin I),850,850   (OEM - Multilingual Latin I),Corsu,Corsican,France,Latn;
cs,0x0405,1250,1250  (ANSI - Central Europe),852,852   (OEM - Latin II),cs-CZ,0x0405,1250,1250  (ANSI - Central Europe),852,852   (OEM - Latin II),cy,0x0452,1252,1252  (ANSI - Latin I),850,850   (OEM - Multilingual Latin I),Cymraeg,Welsh,United Kingdom,Latn;
cy-GB,0x0452,1252,1252  (ANSI - Latin I),850,850   (OEM - Multilingual Latin I),Cymraeg,Welsh,United Kingdom,Latn;
da,0x0406,1252,1252  (ANSI - Latin I),850,850   (OEM - Multilingual Latin I),dansk,Danish,Denmark,Latn;
da-DK,0x0406,1252,1252  (ANSI - Latin I),850,850   (OEM - Multilingual Latin I),dansk,Danish,Denmark,Latn;
de,0x0407,1252,1252  (ANSI - Latin I),850,850   (OEM - Multilingual Latin I),Deutsch,German,Germany,Latn;
de-AT,0x0C07,1252,1252  (ANSI - Latin I),850,850   (OEM - Multilingual Latin I),Deutsch,German,Austria,Latn;
de-CH,0x0807,1252,1252  (ANSI - Latin I),850,850   (OEM - Multilingual Latin I),Deutsch,German,Switzerland,Latn;
de-DE,0x0407,1252,1252  (ANSI - Latin I),850,850   (OEM - Multilingual Latin I),Deutsch,German,Germany,Latn;
de-DE_phoneb,0x10407,1252,1252  (ANSI - Latin I),850,850   (OEM - Multilingual Latin I),Deutsch,German,Germany,Latn;
de-LI,0x1407,1252,1252  (ANSI - Latin I),850,850   (OEM - Multilingual Latin I),Deutsch,German,Liechtenstein,Latn;
de-LU,0x1007,1252,1252  (ANSI - Latin I),850,850   (OEM - Multilingual Latin I),Deutsch,German,Luxembourg,Latn;
dsb,0x082E,1252,1252  (ANSI - Latin I),850,850   (OEM - Multilingual Latin I),dolnoserbdsb-DE,0x082E,1252,1252  (ANSI - Latin I),850,850   (OEM - Multilingual Latin I),dolnoserbel,0x0408,1253,1253  (ANSI - Greek),737,737   (OEM - Greek 437G),el-GR,0x0408,1253,1253  (ANSI - Greek),737,737   (OEM - Greek 437G),en,0x0409,1252,1252  (ANSI - Latin I),437,437   (OEM - United States),English,English,United States,Latn;
en-029,0x2409,1252,1252  (ANSI - Latin I),850,850   (OEM - Multilingual Latin I),English,English,Caribbean,Latn;
en-AU,0x0C09,1252,1252  (ANSI - Latin I),850,850   (OEM - Multilingual Latin I),English,English,Australia,Latn;
en-BZ,0x2809,1252,1252  (ANSI - Latin I),850,850   (OEM - Multilingual Latin I),English,English,Belize,Latn;
en-CA,0x1009,1252,1252  (ANSI - Latin I),850,850   (OEM - Multilingual Latin I),English,English,Canada,Latn;
en-GB,0x0809,1252,1252  (ANSI - Latin I),850,850   (OEM - Multilingual Latin I),English,English,United Kingdom,Latn;
en-HK,0x3C09,1252,1252  (ANSI - Latin I),850,850   (OEM - Multilingual Latin I),English,English,Hong Kong SAR,Latn;
en-ID,0x3809,1252,1252  (ANSI - Latin I),850,850   (OEM - Multilingual Latin I),English,English,Indonesia,Latn;
en-IE,0x1809,1252,1252  (ANSI - Latin I),850,850   (OEM - Multilingual Latin I),English,English,Ireland,Latn;
en-IN,0x4009,1252,1252  (ANSI - Latin I),437,437   (OEM - United States),English,English,India,Latn;
en-JM,0x2009,1252,1252  (ANSI - Latin I),850,850   (OEM - Multilingual Latin I),English,English,Jamaica,Latn;
en-MY,0x4409,1252,1252  (ANSI - Latin I),437,437   (OEM - United States),English,English,Malaysia,Latn;
en-NZ,0x1409,1252,1252  (ANSI - Latin I),850,850   (OEM - Multilingual Latin I),English,English,New Zealand,Latn;
en-PH,0x3409,1252,1252  (ANSI - Latin I),437,437   (OEM - United States),English,English,Philippines,Latn;
en-SG,0x4809,1252,1252  (ANSI - Latin I),437,437   (OEM - United States),English,English,Singapore,Latn;
en-TT,0x2C09,1252,1252  (ANSI - Latin I),850,850   (OEM - Multilingual Latin I),English,English,Trinidad & Tobago,Latn;
en-US,0x0409,1252,1252  (ANSI - Latin I),437,437   (OEM - United States),English,English,United States,Latn;
en-ZA,0x1C09,1252,1252  (ANSI - Latin I),437,437   (OEM - United States),English,English,South Africa,Latn;
en-ZW,0x3009,1252,1252  (ANSI - Latin I),437,437   (OEM - United States),English,English,Zimbabwe,Latn;
es,0x0C0A,1252,1252  (ANSI - Latin I),850,850   (OEM - Multilingual Latin I),español,Spanish,Spain,Latn;
es-419,0x580A,1252,1252  (ANSI - Latin I),850,850   (OEM - Multilingual Latin I),español,Spanish,Latin America,Latn;
es-AR,0x2C0A,1252,1252  (ANSI - Latin I),850,850   (OEM - Multilingual Latin I),español,Spanish,Argentina,Latn;
es-BO,0x400A,1252,1252  (ANSI - Latin I),850,850   (OEM - Multilingual Latin I),español,Spanish,Bolivia,Latn;
es-CL,0x340A,1252,1252  (ANSI - Latin I),850,850   (OEM - Multilingual Latin I),español,Spanish,Chile,Latn;
es-CO,0x240A,1252,1252  (ANSI - Latin I),850,850   (OEM - Multilingual Latin I),español,Spanish,Colombia,Latn;
es-CR,0x140A,1252,1252  (ANSI - Latin I),850,850   (OEM - Multilingual Latin I),español,Spanish,Costa Rica,Latn;
es-CU,0x5C0A,1252,1252  (ANSI - Latin I),850,850   (OEM - Multilingual Latin I),español,Spanish,Cuba,Latn;
es-DO,0x1C0A,1252,1252  (ANSI - Latin I),850,850   (OEM - Multilingual Latin I),español,Spanish,Dominican Republic,Latn;
es-EC,0x300A,1252,1252  (ANSI - Latin I),850,850   (OEM - Multilingual Latin I),español,Spanish,Ecuador,Latn;
es-ES,0x0C0A,1252,1252  (ANSI - Latin I),850,850   (OEM - Multilingual Latin I),español,Spanish,Spain,Latn;
es-ES_tradnl,0x040A,1252,1252  (ANSI - Latin I),850,850   (OEM - Multilingual Latin I),español,Spanish,Spain,Latn;
es-GT,0x100A,1252,1252  (ANSI - Latin I),850,850   (OEM - Multilingual Latin I),español,Spanish,Guatemala,Latn;
es-HN,0x480A,1252,1252  (ANSI - Latin I),850,850   (OEM - Multilingual Latin I),español,Spanish,Honduras,Latn;
es-MX,0x080A,1252,1252  (ANSI - Latin I),850,850   (OEM - Multilingual Latin I),español,Spanish,Mexico,Latn;
es-NI,0x4C0A,1252,1252  (ANSI - Latin I),850,850   (OEM - Multilingual Latin I),español,Spanish,Nicaragua,Latn;
es-PA,0x180A,1252,1252  (ANSI - Latin I),850,850   (OEM - Multilingual Latin I),español,Spanish,Panama,Latn;
es-PE,0x280A,1252,1252  (ANSI - Latin I),850,850   (OEM - Multilingual Latin I),español,Spanish,Peru,Latn;
es-PR,0x500A,1252,1252  (ANSI - Latin I),850,850   (OEM - Multilingual Latin I),español,Spanish,Puerto Rico,Latn;
es-PY,0x3C0A,1252,1252  (ANSI - Latin I),850,850   (OEM - Multilingual Latin I),español,Spanish,Paraguay,Latn;
es-SV,0x440A,1252,1252  (ANSI - Latin I),850,850   (OEM - Multilingual Latin I),español,Spanish,El Salvador,Latn;
es-US,0x540A,1252,1252  (ANSI - Latin I),850,850   (OEM - Multilingual Latin I),español,Spanish,United States,Latn;
es-UY,0x380A,1252,1252  (ANSI - Latin I),850,850   (OEM - Multilingual Latin I),español,Spanish,Uruguay,Latn;
es-VE,0x200A,1252,1252  (ANSI - Latin I),850,850   (OEM - Multilingual Latin I),español,Spanish,Venezuela,Latn;
et,0x0425,1257,1257  (ANSI - Baltic),775,775   (OEM - Baltic),eesti,Estonian,Estonia,Latn;
et-EE,0x0425,1257,1257  (ANSI - Baltic),775,775   (OEM - Baltic),eesti,Estonian,Estonia,Latn;
eu,0x042D,1252,1252  (ANSI - Latin I),850,850   (OEM - Multilingual Latin I),euskara,Basque,Spain,Latn;
eu-ES,0x042D,1252,1252  (ANSI - Latin I),850,850   (OEM - Multilingual Latin I),euskara,Basque,Spain,Latn;
fa,0x0429,1256,1256  (ANSI - Arabic),720,720   (Arabic - Transparent ASMO),fa-IR,0x0429,1256,1256  (ANSI - Arabic),720,720   (Arabic - Transparent ASMO),ff,0x0867,1252,1252  (ANSI - Latin I),850,850   (OEM - Multilingual Latin I),Pulaar,Fulah (Latin),Senegal,Latn;
ff-Latn,0x0867,1252,1252  (ANSI - Latin I),850,850   (OEM - Multilingual Latin I),Pulaar,Fulah (Latin),Senegal,Latn;
ff-Latn-NG,0x0467,1252,1252  (ANSI - Latin I),850,850   (OEM - Multilingual Latin I),Pulaar,Fulah (Latin),Nigeria,Latn;
ff-Latn-SN,0x0867,1252,1252  (ANSI - Latin I),850,850   (OEM - Multilingual Latin I),Pulaar,Fulah (Latin),Senegal,Latn;
fi,0x040B,1252,1252  (ANSI - Latin I),850,850   (OEM - Multilingual Latin I),suomi,Finnish,Finland,Latn;
fi-FI,0x040B,1252,1252  (ANSI - Latin I),850,850   (OEM - Multilingual Latin I),suomi,Finnish,Finland,Latn;
fil,0x0464,1252,1252  (ANSI - Latin I),437,437   (OEM - United States),Filipino,Filipino,Philippines,Latn;
fil-PH,0x0464,1252,1252  (ANSI - Latin I),437,437   (OEM - United States),Filipino,Filipino,Philippines,Latn;
fo,0x0438,1252,1252  (ANSI - Latin I),850,850   (OEM - Multilingual Latin I),føroyskt,Faroese,Faroe Islands,Latn;
fo-FO,0x0438,1252,1252  (ANSI - Latin I),850,850   (OEM - Multilingual Latin I),føroyskt,Faroese,Faroe Islands,Latn;
fr,0x040C,1252,1252  (ANSI - Latin I),850,850   (OEM - Multilingual Latin I),français,French,France,Latn;
fr-029,0x1C0C,1252,1252  (ANSI - Latin I),850,850   (OEM - Multilingual Latin I),français,French,Caribbean,Latn;
fr-BE,0x080C,1252,1252  (ANSI - Latin I),850,850   (OEM - Multilingual Latin I),français,French,Belgium,Latn;
fr-CA,0x0C0C,1252,1252  (ANSI - Latin I),850,850   (OEM - Multilingual Latin I),français,French,Canada,Latn;
fr-CD,0x240C,1252,1252  (ANSI - Latin I),850,850   (OEM - Multilingual Latin I),français,French,Congo (DRC),Latn;
fr-CH,0x100C,1252,1252  (ANSI - Latin I),850,850   (OEM - Multilingual Latin I),français,French,Switzerland,Latn;
fr-CI,0x300C,1252,1252  (ANSI - Latin I),850,850   (OEM - Multilingual Latin I),français,French,Côte dfr-CM,0x2C0C,1252,1252  (ANSI - Latin I),850,850   (OEM - Multilingual Latin I),français,French,Cameroon,Latn;
fr-FR,0x040C,1252,1252  (ANSI - Latin I),850,850   (OEM - Multilingual Latin I),français,French,France,Latn;
fr-HT,0x3C0C,1252,1252  (ANSI - Latin I),850,850   (OEM - Multilingual Latin I),français,French,Haiti,Latn;
fr-LU,0x140C,1252,1252  (ANSI - Latin I),850,850   (OEM - Multilingual Latin I),français,French,Luxembourg,Latn;
fr-MA,0x380C,1252,1252  (ANSI - Latin I),850,850   (OEM - Multilingual Latin I),français,French,Morocco,Latn;
fr-MC,0x180C,1252,1252  (ANSI - Latin I),850,850   (OEM - Multilingual Latin I),français,French,Monaco,Latn;
fr-ML,0x340C,1252,1252  (ANSI - Latin I),850,850   (OEM - Multilingual Latin I),français,French,Mali,Latn;
fr-RE,0x200C,1252,1252  (ANSI - Latin I),850,850   (OEM - Multilingual Latin I),français,French,Réunion,Latn;
fr-SN,0x280C,1252,1252  (ANSI - Latin I),850,850   (OEM - Multilingual Latin I),français,French,Senegal,Latn;
fy,0x0462,1252,1252  (ANSI - Latin I),850,850   (OEM - Multilingual Latin I),Frysk,Western Frisian,Netherlands,Latn;
fy-NL,0x0462,1252,1252  (ANSI - Latin I),850,850   (OEM - Multilingual Latin I),Frysk,Western Frisian,Netherlands,Latn;
ga,0x083C,1252,1252  (ANSI - Latin I),850,850   (OEM - Multilingual Latin I),Gaeilge,Irish,Ireland,Latn;
ga-IE,0x083C,1252,1252  (ANSI - Latin I),850,850   (OEM - Multilingual Latin I),Gaeilge,Irish,Ireland,Latn;
gd,0x0491,1252,1252  (ANSI - Latin I),850,850   (OEM - Multilingual Latin I),Gàidhlig,Scottish Gaelic,United Kingdom,Latn;
gd-GB,0x0491,1252,1252  (ANSI - Latin I),850,850   (OEM - Multilingual Latin I),Gàidhlig,Scottish Gaelic,United Kingdom,Latn;
gl,0x0456,1252,1252  (ANSI - Latin I),850,850   (OEM - Multilingual Latin I),galego,Galician,Spain,Latn;
gl-ES,0x0456,1252,1252  (ANSI - Latin I),850,850   (OEM - Multilingual Latin I),galego,Galician,Spain,Latn;
gn,0x0474,1252,1252  (ANSI - Latin I),850,850   (OEM - Multilingual Latin I),Avañegn-PY,0x0474,1252,1252  (ANSI - Latin I),850,850   (OEM - Multilingual Latin I),Avañegsw-FR,0x0484,1252,1252  (ANSI - Latin I),850,850   (OEM - Multilingual Latin I),Elsässisch,Alsatian,France,Latn;
ha,0x0468,1252,1252  (ANSI - Latin I),437,437   (OEM - United States),Hausa,Hausa (Latin),Nigeria,Latn;
ha-Latn,0x0468,1252,1252  (ANSI - Latin I),437,437   (OEM - United States),Hausa,Hausa (Latin),Nigeria,Latn;
ha-Latn-NG,0x0468,1252,1252  (ANSI - Latin I),437,437   (OEM - United States),Hausa,Hausa (Latin),Nigeria,Latn;
haw,0x0475,1252,1252  (ANSI - Latin I),437,437   (OEM - United States),haw-US,0x0475,1252,1252  (ANSI - Latin I),437,437   (OEM - United States),he,0x040D,1255,1255  (ANSI - Hebrew),862,862   (OEM - Hebrew),he-IL,0x040D,1255,1255  (ANSI - Hebrew),862,862   (OEM - Hebrew),hr,0x041A,1250,1250  (ANSI - Central Europe),852,852   (OEM - Latin II),hrvatski,Croatian,Croatia,Latn;
hr-BA,0x101A,1250,1250  (ANSI - Central Europe),852,852   (OEM - Latin II),hrvatski,Croatian,Bosnia & Herzegovina,Latn;
hr-HR,0x041A,1250,1250  (ANSI - Central Europe),852,852   (OEM - Latin II),hrvatski,Croatian,Croatia,Latn;
hsb,0x042E,1252,1252  (ANSI - Latin I),850,850   (OEM - Multilingual Latin I),hornjoserbhsb-DE,0x042E,1252,1252  (ANSI - Latin I),850,850   (OEM - Multilingual Latin I),hornjoserbhu,0x040E,1250,1250  (ANSI - Central Europe),852,852   (OEM - Latin II),magyar,Hungarian,Hungary,Latn;
hu-HU,0x040E,1250,1250  (ANSI - Central Europe),852,852   (OEM - Latin II),magyar,Hungarian,Hungary,Latn;
hu-HU_technl,0x1040E,1250,1250  (ANSI - Central Europe),852,852   (OEM - Latin II),magyar,Hungarian,Hungary,Latn;
ibb,0x0469,1252,1252  (ANSI - Latin I),850,850   (OEM - Multilingual Latin I),Ibibio-Efik,Ibibio,Nigeria,Latn;
ibb-NG,0x0469,1252,1252  (ANSI - Latin I),850,850   (OEM - Multilingual Latin I),Ibibio-Efik,Ibibio,Nigeria,Latn;
id,0x0421,1252,1252  (ANSI - Latin I),850,850   (OEM - Multilingual Latin I),Indonesia,Indonesian,Indonesia,Latn;
id-ID,0x0421,1252,1252  (ANSI - Latin I),850,850   (OEM - Multilingual Latin I),Indonesia,Indonesian,Indonesia,Latn;
ig,0x0470,1252,1252  (ANSI - Latin I),437,437   (OEM - United States),Asig-NG,0x0470,1252,1252  (ANSI - Latin I),437,437   (OEM - United States),Asis,0x040F,1252,1252  (ANSI - Latin I),850,850   (OEM - Multilingual Latin I),íslenska,Icelandic,Iceland,Latn;
is-IS,0x040F,1252,1252  (ANSI - Latin I),850,850   (OEM - Multilingual Latin I),íslenska,Icelandic,Iceland,Latn;
it,0x0410,1252,1252  (ANSI - Latin I),850,850   (OEM - Multilingual Latin I),italiano,Italian,Italy,Latn;
it-CH,0x0810,1252,1252  (ANSI - Latin I),850,850   (OEM - Multilingual Latin I),italiano,Italian,Switzerland,Latn;
it-IT,0x0410,1252,1252  (ANSI - Latin I),850,850   (OEM - Multilingual Latin I),italiano,Italian,Italy,Latn;
iu,0x085D,1252,1252  (ANSI - Latin I),437,437   (OEM - United States),Inuktitut,Inuktitut (Latin),Canada,Latn;
iu-Latn,0x085D,1252,1252  (ANSI - Latin I),437,437   (OEM - United States),Inuktitut,Inuktitut (Latin),Canada,Latn;
iu-Latn-CA,0x085D,1252,1252  (ANSI - Latin I),437,437   (OEM - United States),Inuktitut,Inuktitut (Latin),Canada,Latn;
ja,0x0411,932,932   (ANSI/OEM - Japanese Shift-JIS),932,932   (ANSI/OEM - Japanese Shift-JIS),ja-JP,0x0411,932,932   (ANSI/OEM - Japanese Shift-JIS),932,932   (ANSI/OEM - Japanese Shift-JIS),ja-JP_radstr,0x40411,932,932   (ANSI/OEM - Japanese Shift-JIS),932,932   (ANSI/OEM - Japanese Shift-JIS),kl,0x046F,1252,1252  (ANSI - Latin I),850,850   (OEM - Multilingual Latin I),kalaallisut,Kalaallisut,Greenland,Latn;
kl-GL,0x046F,1252,1252  (ANSI - Latin I),850,850   (OEM - Multilingual Latin I),kalaallisut,Kalaallisut,Greenland,Latn;
ko,0x0412,949,949   (ANSI/OEM - Korean),949,949   (ANSI/OEM - Korean),ko-KR,0x0412,949,949   (ANSI/OEM - Korean),949,949   (ANSI/OEM - Korean),kr,0x0471,1252,1252  (ANSI - Latin I),850,850   (OEM - Multilingual Latin I),Kanuri,Kanuri,Nigeria,Latn;
kr-Latn,0x0471,1252,1252  (ANSI - Latin I),850,850   (OEM - Multilingual Latin I),Kanuri,Kanuri,Nigeria,Latn;
kr-Latn-NG,0x0471,1252,1252  (ANSI - Latin I),850,850   (OEM - Multilingual Latin I),Kanuri,Kanuri,Nigeria,Latn;
ku,0x0492,1256,1256  (ANSI - Arabic),720,720   (Arabic - Transparent ASMO),ku-Arab,0x0492,1256,1256  (ANSI - Arabic),720,720   (Arabic - Transparent ASMO),ku-Arab-IQ,0x0492,1256,1256  (ANSI - Arabic),720,720   (Arabic - Transparent ASMO),ky,0x0440,1251,1251  (ANSI - Cyrillic),866,866   (OEM - Russian),ky-KG,0x0440,1251,1251  (ANSI - Cyrillic),866,866   (OEM - Russian),la,0x0476,1252,1252  (ANSI - Latin I),437,437   (OEM - United States),lingua latla-001,0x0476,1252,1252  (ANSI - Latin I),437,437   (OEM - United States),lingua latlb,0x046E,1252,1252  (ANSI - Latin I),850,850   (OEM - Multilingual Latin I),Lëtzebuergesch,Luxembourgish,Luxembourg,Latn;
lb-LU,0x046E,1252,1252  (ANSI - Latin I),850,850   (OEM - Multilingual Latin I),Lëtzebuergesch,Luxembourgish,Luxembourg,Latn;
lt,0x0427,1257,1257  (ANSI - Baltic),775,775   (OEM - Baltic),lietuvilt-LT,0x0427,1257,1257  (ANSI - Baltic),775,775   (OEM - Baltic),lietuvilv,0x0426,1257,1257  (ANSI - Baltic),775,775   (OEM - Baltic),latvielv-LV,0x0426,1257,1257  (ANSI - Baltic),775,775   (OEM - Baltic),latviemk,0x042F,1251,1251  (ANSI - Cyrillic),866,866   (OEM - Russian),mk-MK,0x042F,1251,1251  (ANSI - Cyrillic),866,866   (OEM - Russian),mn,0x0450,1251,1251  (ANSI - Cyrillic),866,866   (OEM - Russian),mn-Cyrl,0x0450,1251,1251  (ANSI - Cyrillic),866,866   (OEM - Russian),mn-MN,0x0450,1251,1251  (ANSI - Cyrillic),866,866   (OEM - Russian),moh,0x047C,1252,1252  (ANSI - Latin I),850,850   (OEM - Multilingual Latin I),Kanienmoh-CA,0x047C,1252,1252  (ANSI - Latin I),850,850   (OEM - Multilingual Latin I),Kanienms,0x043E,1252,1252  (ANSI - Latin I),850,850   (OEM - Multilingual Latin I),Melayu,Malay,Malaysia,Latn;
ms-BN,0x083E,1252,1252  (ANSI - Latin I),850,850   (OEM - Multilingual Latin I),Melayu,Malay,Brunei,Latn;
ms-MY,0x043E,1252,1252  (ANSI - Latin I),850,850   (OEM - Multilingual Latin I),Melayu,Malay,Malaysia,Latn;
nb,0x0414,1252,1252  (ANSI - Latin I),850,850   (OEM - Multilingual Latin I),norsk bokmål,Norwegian Bokmål,Norway,Latn;
nb-NO,0x0414,1252,1252  (ANSI - Latin I),850,850   (OEM - Multilingual Latin I),norsk bokmål,Norwegian Bokmål,Norway,Latn;
nl,0x0413,1252,1252  (ANSI - Latin I),850,850   (OEM - Multilingual Latin I),Nederlands,Dutch,Netherlands,Latn;
nl-BE,0x0813,1252,1252  (ANSI - Latin I),850,850   (OEM - Multilingual Latin I),Nederlands,Dutch,Belgium,Latn;
nl-NL,0x0413,1252,1252  (ANSI - Latin I),850,850   (OEM - Multilingual Latin I),Nederlands,Dutch,Netherlands,Latn;
nn,0x0814,1252,1252  (ANSI - Latin I),850,850   (OEM - Multilingual Latin I),nynorsk,Norwegian Nynorsk,Norway,Latn;
nn-NO,0x0814,1252,1252  (ANSI - Latin I),850,850   (OEM - Multilingual Latin I),nynorsk,Norwegian Nynorsk,Norway,Latn;
no,0x0414,1252,1252  (ANSI - Latin I),850,850   (OEM - Multilingual Latin I),norsk bokmål,Norwegian Bokmål,Norway,Latn;
nso,0x046C,1252,1252  (ANSI - Latin I),850,850   (OEM - Multilingual Latin I),Sesotho sa Leboa,Sesotho sa Leboa,South Africa,Latn;
nso-ZA,0x046C,1252,1252  (ANSI - Latin I),850,850   (OEM - Multilingual Latin I),Sesotho sa Leboa,Sesotho sa Leboa,South Africa,Latn;
oc,0x0482,1252,1252  (ANSI - Latin I),850,850   (OEM - Multilingual Latin I),Occitan,Occitan,France,Latn;
oc-FR,0x0482,1252,1252  (ANSI - Latin I),850,850   (OEM - Multilingual Latin I),Occitan,Occitan,France,Latn;
pa-Arab,0x0846,1256,1256  (ANSI - Arabic),720,720   (Arabic - Transparent ASMO),pa-Arab-PK,0x0846,1256,1256  (ANSI - Arabic),720,720   (Arabic - Transparent ASMO),pap,0x0479,1252,1252  (ANSI - Latin I),850,850   (OEM - Multilingual Latin I),Papiamentu,Papiamento,Caribbean,Latn;
pap-029,0x0479,1252,1252  (ANSI - Latin I),850,850   (OEM - Multilingual Latin I),Papiamentu,Papiamento,Caribbean,Latn;
pl,0x0415,1250,1250  (ANSI - Central Europe),852,852   (OEM - Latin II),polski,Polish,Poland,Latn;
pl-PL,0x0415,1250,1250  (ANSI - Central Europe),852,852   (OEM - Latin II),polski,Polish,Poland,Latn;
prs,0x048C,1256,1256  (ANSI - Arabic),720,720   (Arabic - Transparent ASMO),prs-AF,0x048C,1256,1256  (ANSI - Arabic),720,720   (Arabic - Transparent ASMO),pt,0x0416,1252,1252  (ANSI - Latin I),850,850   (OEM - Multilingual Latin I),português,Portuguese,Brazil,Latn;
pt-BR,0x0416,1252,1252  (ANSI - Latin I),850,850   (OEM - Multilingual Latin I),português,Portuguese,Brazil,Latn;
pt-PT,0x0816,1252,1252  (ANSI - Latin I),850,850   (OEM - Multilingual Latin I),português,Portuguese,Portugal,Latn;
quc,0x0486,1252,1252  (ANSI - Latin I),850,850   (OEM - Multilingual Latin I),K'iche',K'iche',Guatemala,Latn;
quc-Latn,0x0486,1252,1252  (ANSI - Latin I),850,850   (OEM - Multilingual Latin I),K'iche',K'iche',Guatemala,Latn;
quc-Latn-GT,0x0486,1252,1252  (ANSI - Latin I),850,850   (OEM - Multilingual Latin I),K'iche',K'iche',Guatemala,Latn;
quz,0x046B,1252,1252  (ANSI - Latin I),850,850   (OEM - Multilingual Latin I),Runasimi,Quechua,Bolivia,Latn;
quz-BO,0x046B,1252,1252  (ANSI - Latin I),850,850   (OEM - Multilingual Latin I),Runasimi,Quechua,Bolivia,Latn;
quz-EC,0x086B,1252,1252  (ANSI - Latin I),850,850   (OEM - Multilingual Latin I),Runasimi,Quechua,Ecuador,Latn;
quz-PE,0x0C6B,1252,1252  (ANSI - Latin I),850,850   (OEM - Multilingual Latin I),Runasimi,Quechua,Peru,Latn;
rm,0x0417,1252,1252  (ANSI - Latin I),850,850   (OEM - Multilingual Latin I),rumantsch,Romansh,Switzerland,Latn;
rm-CH,0x0417,1252,1252  (ANSI - Latin I),850,850   (OEM - Multilingual Latin I),rumantsch,Romansh,Switzerland,Latn;
ro,0x0418,1250,1250  (ANSI - Central Europe),852,852   (OEM - Latin II),românro-MD,0x0818,1250,1250  (ANSI - Central Europe),852,852   (OEM - Latin II),românro-RO,0x0418,1250,1250  (ANSI - Central Europe),852,852   (OEM - Latin II),românru,0x0419,1251,1251  (ANSI - Cyrillic),866,866   (OEM - Russian),ru-MD,0x0819,1251,1251  (ANSI - Cyrillic),866,866   (OEM - Russian),ru-RU,0x0419,1251,1251  (ANSI - Cyrillic),866,866   (OEM - Russian),rw,0x0487,1252,1252  (ANSI - Latin I),437,437   (OEM - United States),Kinyarwanda,Kinyarwanda,Rwanda,Latn;
rw-RW,0x0487,1252,1252  (ANSI - Latin I),437,437   (OEM - United States),Kinyarwanda,Kinyarwanda,Rwanda,Latn;
sah,0x0485,1251,1251  (ANSI - Cyrillic),866,866   (OEM - Russian),sah-RU,0x0485,1251,1251  (ANSI - Cyrillic),866,866   (OEM - Russian),sd,0x0859,1256,1256  (ANSI - Arabic),720,720   (Arabic - Transparent ASMO),sd-Arab,0x0859,1256,1256  (ANSI - Arabic),720,720   (Arabic - Transparent ASMO),sd-Arab-PK,0x0859,1256,1256  (ANSI - Arabic),720,720   (Arabic - Transparent ASMO),se,0x043B,1252,1252  (ANSI - Latin I),850,850   (OEM - Multilingual Latin I),davvisámegiella,Northern Sami,Norway,Latn;
se-FI,0x0C3B,1252,1252  (ANSI - Latin I),850,850   (OEM - Multilingual Latin I),davvisámegiella,Sami (Northern),Finland,Latn;
se-NO,0x043B,1252,1252  (ANSI - Latin I),850,850   (OEM - Multilingual Latin I),davvisámegiella,Northern Sami,Norway,Latn;
se-SE,0x083B,1252,1252  (ANSI - Latin I),850,850   (OEM - Multilingual Latin I),davvisámegiella,Sami (Northern),Sweden,Latn;
sk,0x041B,1250,1250  (ANSI - Central Europe),852,852   (OEM - Latin II),slovensk-SK,0x041B,1250,1250  (ANSI - Central Europe),852,852   (OEM - Latin II),slovensl,0x0424,1250,1250  (ANSI - Central Europe),852,852   (OEM - Latin II),slovensl-SI,0x0424,1250,1250  (ANSI - Central Europe),852,852   (OEM - Latin II),slovensma,0x1C3B,1252,1252  (ANSI - Latin I),850,850   (OEM - Multilingual Latin I),åarjelsaemiengïele,Sami (Southern),Sweden,Latn;
sma-NO,0x183B,1252,1252  (ANSI - Latin I),850,850   (OEM - Multilingual Latin I),åarjelsaemiengïele,Sami (Southern),Norway,Latn;
sma-SE,0x1C3B,1252,1252  (ANSI - Latin I),850,850   (OEM - Multilingual Latin I),åarjelsaemiengïele,Sami (Southern),Sweden,Latn;
smj,0x143B,1252,1252  (ANSI - Latin I),850,850   (OEM - Multilingual Latin I),julevusámegiella,Sami (Lule),Sweden,Latn;
smj-NO,0x103B,1252,1252  (ANSI - Latin I),850,850   (OEM - Multilingual Latin I),julevusámegiella,Sami (Lule),Norway,Latn;
smj-SE,0x143B,1252,1252  (ANSI - Latin I),850,850   (OEM - Multilingual Latin I),julevusámegiella,Sami (Lule),Sweden,Latn;
smn,0x243B,1252,1252  (ANSI - Latin I),850,850   (OEM - Multilingual Latin I),anarâsmn-FI,0x243B,1252,1252  (ANSI - Latin I),850,850   (OEM - Multilingual Latin I),anarâsms,0x203B,1252,1252  (ANSI - Latin I),850,850   (OEM - Multilingual Latin I),sää´msms-FI,0x203B,1252,1252  (ANSI - Latin I),850,850   (OEM - Multilingual Latin I),sää´msq,0x041C,1250,1250  (ANSI - Central Europe),852,852   (OEM - Latin II),shqip,Albanian,Albania,Latn;
sq-AL,0x041C,1250,1250  (ANSI - Central Europe),852,852   (OEM - Latin II),shqip,Albanian,Albania,Latn;
sr,0x241A,1250,1250  (ANSI - Central Europe),852,852   (OEM - Latin II),srpski,Serbian (Latin),Serbia,Latn;
sr-Cyrl,0x281A,1251,1251  (ANSI - Cyrillic),855,855   (OEM - Cyrillic),sr-Cyrl-BA,0x1C1A,1251,1251  (ANSI - Cyrillic),855,855   (OEM - Cyrillic),sr-Cyrl-ME,0x301A,1251,1251  (ANSI - Cyrillic),855,855   (OEM - Cyrillic),sr-Cyrl-RS,0x281A,1251,1251  (ANSI - Cyrillic),855,855   (OEM - Cyrillic),sr-Latn,0x241A,1250,1250  (ANSI - Central Europe),852,852   (OEM - Latin II),srpski,Serbian (Latin),Serbia,Latn;
sr-Latn-BA,0x181A,1250,1250  (ANSI - Central Europe),852,852   (OEM - Latin II),srpski,Serbian (Latin),Bosnia & Herzegovina,Latn;
sr-Latn-ME,0x2C1A,1250,1250  (ANSI - Central Europe),852,852   (OEM - Latin II),srpski,Serbian (Latin),Montenegro,Latn;
sr-Latn-RS,0x241A,1250,1250  (ANSI - Central Europe),852,852   (OEM - Latin II),srpski,Serbian (Latin),Serbia,Latn;
sv,0x041D,1252,1252  (ANSI - Latin I),850,850   (OEM - Multilingual Latin I),svenska,Swedish,Sweden,Latn;
sv-FI,0x081D,1252,1252  (ANSI - Latin I),850,850   (OEM - Multilingual Latin I),svenska,Swedish,Finland,Latn;
sv-SE,0x041D,1252,1252  (ANSI - Latin I),850,850   (OEM - Multilingual Latin I),svenska,Swedish,Sweden,Latn;
sw,0x0441,1252,1252  (ANSI - Latin I),437,437   (OEM - United States),Kiswahili,Kiswahili,Kenya,Latn;
sw-KE,0x0441,1252,1252  (ANSI - Latin I),437,437   (OEM - United States),Kiswahili,Kiswahili,Kenya,Latn;
tg,0x0428,1251,1251  (ANSI - Cyrillic),866,866   (OEM - Russian),tg-Cyrl,0x0428,1251,1251  (ANSI - Cyrillic),866,866   (OEM - Russian),tg-Cyrl-TJ,0x0428,1251,1251  (ANSI - Cyrillic),866,866   (OEM - Russian),th,0x041E,874,874   (ANSI/OEM - Thai),874,874   (ANSI/OEM - Thai),th-TH,0x041E,874,874   (ANSI/OEM - Thai),874,874   (ANSI/OEM - Thai),tk,0x0442,1250,1250  (ANSI - Central Europe),852,852   (OEM - Latin II),Türkmen dili,Turkmen,Turkmenistan,Latn;
tk-TM,0x0442,1250,1250  (ANSI - Central Europe),852,852   (OEM - Latin II),Türkmen dili,Turkmen,Turkmenistan,Latn;
tn,0x0432,1252,1252  (ANSI - Latin I),850,850   (OEM - Multilingual Latin I),Setswana,Setswana,South Africa,Latn;
tn-BW,0x0832,1252,1252  (ANSI - Latin I),850,850   (OEM - Multilingual Latin I),Setswana,Setswana,Botswana,Latn;
tn-ZA,0x0432,1252,1252  (ANSI - Latin I),850,850   (OEM - Multilingual Latin I),Setswana,Setswana,South Africa,Latn;
tr,0x041F,1254,1254  (ANSI - Turkish),857,857   (OEM - Turkish),Türkçe,Turkish,Türkiye,Latn;
tr-TR,0x041F,1254,1254  (ANSI - Turkish),857,857   (OEM - Turkish),Türkçe,Turkish,Türkiye,Latn;
tt,0x0444,1251,1251  (ANSI - Cyrillic),866,866   (OEM - Russian),tt-RU,0x0444,1251,1251  (ANSI - Cyrillic),866,866   (OEM - Russian),tzm,0x085F,1252,1252  (ANSI - Latin I),850,850   (OEM - Multilingual Latin I),Tamazitzm-Arab,0x045F,1256,1256  (ANSI - Arabic),720,720   (Arabic - Transparent ASMO),tzm-Arab-MA,0x045F,1256,1256  (ANSI - Arabic),720,720   (Arabic - Transparent ASMO),tzm-Latn,0x085F,1252,1252  (ANSI - Latin I),850,850   (OEM - Multilingual Latin I),Tamazitzm-Latn-DZ,0x085F,1252,1252  (ANSI - Latin I),850,850   (OEM - Multilingual Latin I),Tamaziug,0x0480,1256,1256  (ANSI - Arabic),720,720   (Arabic - Transparent ASMO),ug-CN,0x0480,1256,1256  (ANSI - Arabic),720,720   (Arabic - Transparent ASMO),uk,0x0422,1251,1251  (ANSI - Cyrillic),866,866   (OEM - Russian),uk-UA,0x0422,1251,1251  (ANSI - Cyrillic),866,866   (OEM - Russian),ur,0x0420,1256,1256  (ANSI - Arabic),720,720   (Arabic - Transparent ASMO),ur-IN,0x0820,1256,1256  (ANSI - Arabic),720,720   (Arabic - Transparent ASMO),ur-PK,0x0420,1256,1256  (ANSI - Arabic),720,720   (Arabic - Transparent ASMO),uz,0x0443,1254,1254  (ANSI - Turkish),857,857   (OEM - Turkish),ouz-Cyrl,0x0843,1251,1251  (ANSI - Cyrillic),866,866   (OEM - Russian),uz-Cyrl-UZ,0x0843,1251,1251  (ANSI - Cyrillic),866,866   (OEM - Russian),uz-Latn,0x0443,1254,1254  (ANSI - Turkish),857,857   (OEM - Turkish),ouz-Latn-UZ,0x0443,1254,1254  (ANSI - Turkish),857,857   (OEM - Turkish),ovi,0x042A,1258,1258  (ANSI/OEM - Viet Nam),1258,1258  (ANSI/OEM - Viet Nam),Tiêvi-VN,0x042A,1258,1258  (ANSI/OEM - Viet Nam),1258,1258  (ANSI/OEM - Viet Nam),Tiêwo,0x0488,1252,1252  (ANSI - Latin I),850,850   (OEM - Multilingual Latin I),Wolof,Wolof,Senegal,Latn;
wo-SN,0x0488,1252,1252  (ANSI - Latin I),850,850   (OEM - Multilingual Latin I),Wolof,Wolof,Senegal,Latn;
x-IV_mathan,0x1007F,1252,1252  (ANSI - Latin I),437,437   (OEM - United States),Invariant Language,Invariant Language,Invariant Country,Latn;
xh,0x0434,1252,1252  (ANSI - Latin I),850,850   (OEM - Multilingual Latin I),isiXhosa,isiXhosa,South Africa,Latn;
xh-ZA,0x0434,1252,1252  (ANSI - Latin I),850,850   (OEM - Multilingual Latin I),isiXhosa,isiXhosa,South Africa,Latn;
yo,0x046A,1252,1252  (ANSI - Latin I),437,437   (OEM - United States),Èdè Yorùbá,Yoruba,Nigeria,Latn;
yo-NG,0x046A,1252,1252  (ANSI - Latin I),437,437   (OEM - United States),Èdè Yorùbá,Yoruba,Nigeria,Latn;
zh,0x0804,936,936   (ANSI/OEM - Simplified Chinese GBK),936,936   (ANSI/OEM - Simplified Chinese GBK),zh-CN,0x0804,936,936   (ANSI/OEM - Simplified Chinese GBK),936,936   (ANSI/OEM - Simplified Chinese GBK),zh-CN_phoneb,0x50804,936,936   (ANSI/OEM - Simplified Chinese GBK),936,936   (ANSI/OEM - Simplified Chinese GBK),zh-CN_stroke,0x20804,936,936   (ANSI/OEM - Simplified Chinese GBK),936,936   (ANSI/OEM - Simplified Chinese GBK),zh-Hans,0x0804,936,936   (ANSI/OEM - Simplified Chinese GBK),936,936   (ANSI/OEM - Simplified Chinese GBK),zh-Hant,0x0C04,950,950   (ANSI/OEM - Traditional Chinese Big5),950,950   (ANSI/OEM - Traditional Chinese Big5),zh-HK,0x0C04,950,950   (ANSI/OEM - Traditional Chinese Big5),950,950   (ANSI/OEM - Traditional Chinese Big5),zh-HK_radstr,0x40C04,950,950   (ANSI/OEM - Traditional Chinese Big5),950,950   (ANSI/OEM - Traditional Chinese Big5),zh-MO,0x1404,950,950   (ANSI/OEM - Traditional Chinese Big5),950,950   (ANSI/OEM - Traditional Chinese Big5),zh-MO_radstr,0x41404,950,950   (ANSI/OEM - Traditional Chinese Big5),950,950   (ANSI/OEM - Traditional Chinese Big5),zh-MO_stroke,0x21404,950,950   (ANSI/OEM - Traditional Chinese Big5),950,950   (ANSI/OEM - Traditional Chinese Big5),zh-SG,0x1004,936,936   (ANSI/OEM - Simplified Chinese GBK),936,936   (ANSI/OEM - Simplified Chinese GBK),zh-SG_phoneb,0x51004,936,936   (ANSI/OEM - Simplified Chinese GBK),936,936   (ANSI/OEM - Simplified Chinese GBK),zh-SG_stroke,0x21004,936,936   (ANSI/OEM - Simplified Chinese GBK),936,936   (ANSI/OEM - Simplified Chinese GBK),zh-TW,0x0404,950,950   (ANSI/OEM - Traditional Chinese Big5),950,950   (ANSI/OEM - Traditional Chinese Big5),zh-TW_pronun,0x30404,950,950   (ANSI/OEM - Traditional Chinese Big5),950,950   (ANSI/OEM - Traditional Chinese Big5),zh-TW_radstr,0x40404,950,950   (ANSI/OEM - Traditional Chinese Big5),950,950   (ANSI/OEM - Traditional Chinese Big5),zu,0x0435,1252,1252  (ANSI - Latin I),850,850   (OEM - Multilingual Latin I),isiZulu,isiZulu,South Africa,Latn;
zu-ZA,0x0435,1252,1252  (ANSI - Latin I),850,850   (OEM - Multilingual Latin I),isiZulu,isiZulu,South Africa,Latn;
